"Group1","Group2","Heterogeneous.Selection_Relative.Diff","Heterogeneous.Selection_Cohen.d","Heterogeneous.Selection_Effect.Size","Heterogeneous.Selection_P.value","Homogeneous.Selection_Relative.Diff","Homogeneous.Selection_Cohen.d","Homogeneous.Selection_Effect.Size","Homogeneous.Selection_P.value","Dispersal.Limitation_Relative.Diff","Dispersal.Limitation_Cohen.d","Dispersal.Limitation_Effect.Size","Dispersal.Limitation_P.value","Homogenizing.Dispersal_Relative.Diff","Homogenizing.Dispersal_Cohen.d","Homogenizing.Dispersal_Effect.Size","Homogenizing.Dispersal_P.value","Drift.and.Others_Relative.Diff","Drift.and.Others_Cohen.d","Drift.and.Others_Effect.Size","Drift.and.Others_P.value","Stochasticity_Relative.Diff","Stochasticity_Cohen.d","Stochasticity_Effect.Size","Stochasticity_P.value"
"CCA","Carbonate","0.143683145559266","1.97724073937638","large","0.0791559208440792","-0.0181905473487991","-0.209096670726619","small","0.443440556559443","-0.213753381890416","-1.51923198622914","large","0.138808861191139","0.52927399680506","3.05292859013407","large","0.0123349876650123","0.0561592532737037","1.233152969153","large","0.193685806314194","-0.0125591906631294","-0.927745707888698","large","0.256207743792256"
"CCA","CCA_vs_Carbonate","0.0333395461539805","0.534867181595769","medium","0.356332643667356","0.0890527898230185","1.48640265047253","large","0.147346852653147","-0.243965607278689","-2.48320540407568","large","0.0375809624190376","0.507250294460302","3.12795481793171","large","0.00858299141700858","0.070689260555333","2.06915166535074","large","0.0696249303750696","-0.0142640983007332","-1.21856829299039","large","0.194569805430195"
"Carbonate","CCA_vs_Carbonate","-0.114149284752744","-1.78546288997849","large","0.100969899030101","0.105623418181999","1.44608086461225","large","0.152287847712152","-0.0384258891452073","-0.277437135632598","small","0.41024558975441","-0.044695515993533","-0.209099469588989","small","0.42970857029143","0.0153945539351067","0.310645680055166","small","0.402559597440403","-0.00172659223872753","-0.146692305621436","negligible","0.457766542233458"
